{
    "name" : "Aromatic",
    "slug" : "aromatic",
    "description" : "Your Theme Description",
    "author" : "Mazharul Islam Suzon",
    "version" : "1.0.0",
    "status" : true,
    "screenshot" : [
    {
    "primary" : "primary.jpg",
    "sort" : "desc"
    }
    ],
    "headerHook" : [
    {
    "style" : ["style"],
    "script" : [],
    "blade" : []
    }
    ],
    "footerHook" : [
    {
    "style" : [],
    "script" : ["imagesloaded.pkgd.min",
    "isotope.pkgd.min",
    "main"],
    "blade" : []
    }
    ]
   }