{
    "name": "Integrations",
    "alias": "integrations",
    "version" : "1.0.0",
    "description": "A plugin to manage integrations",
    "keywords": [],
    "priority": 0,
    "providers": [
        "Modules\\Integrations\\Providers\\IntegrationsServiceProvider"
    ],
    "aliases": {},
    "files": [],
    "requires": [],
    "nazmartMetaData": {
        "admin_settings": {
            "show_admin_landlord": true,
            "show_admin_tenant": true,
            "menu_item": [
                {
                    "id" : "integration-manage-settings-menu",
                    "label": "Integration",
                    "route": "landlord.integration",
                    "tenantRoute": "tenant.integration",
                    "parent": null,
                    "icon": "mdi mdi-power-plug"
                }
            ]
        },
        "hooks": {
            "head_start": [
                "tracking-just-after-head-open"
            ],
            "head_end": [
                "tracking-before-head"
            ],
            "body_start": [
                "tracking-after-body-open"
            ],
            "body_end": [
                "tracking-before-body-close"
            ]
        }
    }
}
