{
    "name": "Casual",
    "slug": "casual",
    "description": "Casual Fashion Theme",
    "author": "Mazharul Islam Suzon",
    "version": "1.0.3",
    "status": true,
    "screenshot": [
        {
            "primary": "primary.jpg"
        }
    ],
    "headerHook": [
        {
            "loadCoreStyle": {
                "odometer": false,
                "common": false,
                "magnific-popup": false
            },
            "style": [
                "style"
            ],
            "rtl_style": [
                "rtl"
            ],
            "script": [],
            "blade": [],
            "navbarArea": "navbar",
            "breadcrumbArea": "breadcrumb"
        }
    ],
    "footerHook": [
        {
            "loadCoreScript": {
                "odometer": false,
                "viewport.jquery": false,
                "main": false
            },
            "style": [],
            "script": [
                "imagesloaded.pkgd.min",
                "isotope.pkgd.min",
                "main"
            ],
            "blade": [],
            "widgetArea": "footer"
        }
    ]
}
