[{"id":27,"addon_name":"GoogleMap","addon_type":"update","addon_location":"dynamic_page","addon_order":1,"addon_page_id":3,"addon_page_type":"dynamic_page","addon_settings":"{\"id\":\"27\",\"addon_name\":\"GoogleMap\",\"addon_namespace\":\"UGx1Z2luc1xQYWdlQnVpbGRlclxBZGRvbnNcVGVuYW50c1xBcm9tYXRpY1xDb250YWN0XEdvb2dsZU1hcA==\",\"addon_type\":\"update\",\"addon_location\":\"dynamic_page\",\"addon_order\":\"1\",\"addon_page_id\":\"3\",\"addon_page_type\":\"dynamic_page\",\"location\":\"36 Scott Street, Westbury, New York\",\"map_height\":\"500\",\"padding_top\":\"110\",\"padding_bottom\":\"110\"}","addon_namespace":"Plugins\\PageBuilder\\Addons\\Tenants\\Aromatic\\Contact\\GoogleMap","created_at":"2023-05-28T11:25:40.000000Z","updated_at":"2023-05-28T11:34:06.000000Z"},{"id":28,"addon_name":"ContactArea","addon_type":"update","addon_location":"dynamic_page","addon_order":2,"addon_page_id":3,"addon_page_type":"dynamic_page","addon_settings":"{\"id\":\"28\",\"addon_name\":\"ContactArea\",\"addon_namespace\":\"UGx1Z2luc1xQYWdlQnVpbGRlclxBZGRvbnNcVGVuYW50c1xBcm9tYXRpY1xDb250YWN0XENvbnRhY3RBcmVh\",\"addon_type\":\"update\",\"addon_location\":\"dynamic_page\",\"addon_order\":\"2\",\"addon_page_id\":\"3\",\"addon_page_type\":\"dynamic_page\",\"title\":\"Connect with us\",\"contact_tenant_repeater\":{\"repeater_info_\":[\"Address:\",\"Mail:\",\"Phone:\",\"Office Time:\"],\"repeater_sub_info_\":[\"36 Scott Street, Westbury, New York\",\"Contact@company.com\",\"+00 2233 55 66\",\"10am - 8pm(Sunday Closed)\"]},\"custom_form_id\":\"1\",\"padding_top\":\"110\",\"padding_bottom\":\"110\"}","addon_namespace":"Plugins\\PageBuilder\\Addons\\Tenants\\Aromatic\\Contact\\ContactArea","created_at":"2023-05-28T11:34:00.000000Z","updated_at":"2023-05-28T11:38:18.000000Z"}]