[{"id":16,"addon_name":"HeaderOne","addon_type":"update","addon_location":"dynamic_page","addon_order":1,"addon_page_id":1,"addon_page_type":"dynamic_page","addon_settings":"{\"id\":\"16\",\"addon_name\":\"HeaderOne\",\"addon_namespace\":\"UGx1Z2luc1xQYWdlQnVpbGRlclxBZGRvbnNcVGVuYW50c1xBcm9tYXRpY1xIZWFkZXJcSGVhZGVyT25l\",\"addon_type\":\"update\",\"addon_location\":\"dynamic_page\",\"addon_order\":\"1\",\"addon_page_id\":\"1\",\"addon_page_type\":\"dynamic_page\",\"pre_title\":\"Womens Perfume Store\",\"title\":\"Smell is a word Perfume is Literature\",\"button_text\":\"Buy Now\",\"button_url\":\"#\",\"background_color\":null,\"primary_image\":\"492\",\"floating_particle_one\":null,\"floating_particle_two\":null,\"floating_particle_three\":null,\"floating_particle_four\":null,\"floating_particle_five\":null,\"floating_particle_six\":null,\"background_shape\":null,\"padding_top\":\"110\",\"padding_bottom\":\"150\"}","addon_namespace":"Plugins\\PageBuilder\\Addons\\Tenants\\Aromatic\\Header\\HeaderOne","created_at":"2023-05-23T05:59:56.000000Z","updated_at":"2023-05-24T12:13:32.000000Z"},{"id":17,"addon_name":"NewCollection","addon_type":"update","addon_location":"dynamic_page","addon_order":2,"addon_page_id":1,"addon_page_type":"dynamic_page","addon_settings":"{\"id\":\"17\",\"addon_name\":\"NewCollection\",\"addon_namespace\":\"UGx1Z2luc1xQYWdlQnVpbGRlclxBZGRvbnNcVGVuYW50c1xBcm9tYXRpY1xQcm9kdWN0XE5ld0NvbGxlY3Rpb24=\",\"addon_type\":\"update\",\"addon_location\":\"dynamic_page\",\"addon_order\":\"2\",\"addon_page_id\":\"1\",\"addon_page_type\":\"dynamic_page\",\"title\":\"New Collections\",\"title_line\":\"on\",\"item_show\":\"4\",\"item_order\":\"desc\",\"padding_top\":\"110\",\"padding_bottom\":\"112\"}","addon_namespace":"Plugins\\PageBuilder\\Addons\\Tenants\\Aromatic\\Product\\NewCollection","created_at":"2023-05-23T10:31:50.000000Z","updated_at":"2023-05-25T05:30:19.000000Z"},{"id":18,"addon_name":"BestProduct","addon_type":"update","addon_location":"dynamic_page","addon_order":3,"addon_page_id":1,"addon_page_type":"dynamic_page","addon_settings":"{\"id\":\"18\",\"addon_name\":\"BestProduct\",\"addon_namespace\":\"UGx1Z2luc1xQYWdlQnVpbGRlclxBZGRvbnNcVGVuYW50c1xBcm9tYXRpY1xQcm9kdWN0XEJlc3RQcm9kdWN0\",\"addon_type\":\"update\",\"addon_location\":\"dynamic_page\",\"addon_order\":\"3\",\"addon_page_id\":\"1\",\"addon_page_type\":\"dynamic_page\",\"title\":\"New Perfume Collection\",\"price\":\"320\",\"button_text\":\"But Now\",\"button_url\":\"#\",\"image\":\"499\",\"image_url\":null,\"particle_image_one\":null,\"particle_image_two\":null,\"particle_image_three\":null,\"particle_image_four\":null,\"particle_image_five\":null,\"particle_image_six\":null,\"padding_top\":\"112\",\"padding_bottom\":\"110\"}","addon_namespace":"Plugins\\PageBuilder\\Addons\\Tenants\\Aromatic\\Product\\BestProduct","created_at":"2023-05-24T11:26:42.000000Z","updated_at":"2023-05-24T12:14:02.000000Z"},{"id":19,"addon_name":"ProductTypeList","addon_type":"update","addon_location":"dynamic_page","addon_order":4,"addon_page_id":1,"addon_page_type":"dynamic_page","addon_settings":"{\"id\":\"19\",\"addon_name\":\"ProductTypeList\",\"addon_namespace\":\"UGx1Z2luc1xQYWdlQnVpbGRlclxBZGRvbnNcVGVuYW50c1xBcm9tYXRpY1xQcm9kdWN0XFByb2R1Y3RUeXBlTGlzdA==\",\"addon_type\":\"update\",\"addon_location\":\"dynamic_page\",\"addon_order\":\"4\",\"addon_page_id\":\"1\",\"addon_page_type\":\"dynamic_page\",\"title\":\"Our Store\",\"title_line\":\"on\",\"categories\":[\"6\",\"7\",\"8\",\"9\",\"10\",\"11\",\"12\"],\"item_show\":\"8\",\"sort_by\":\"id\",\"sort_to\":\"desc\",\"view_all_url\":\"#\",\"padding_top\":\"110\",\"padding_bottom\":\"110\"}","addon_namespace":"Plugins\\PageBuilder\\Addons\\Tenants\\Aromatic\\Product\\ProductTypeList","created_at":"2023-05-24T12:19:46.000000Z","updated_at":"2023-05-25T06:22:05.000000Z"},{"id":20,"addon_name":"Brand","addon_type":"update","addon_location":"dynamic_page","addon_order":5,"addon_page_id":1,"addon_page_type":"dynamic_page","addon_settings":"{\"id\":\"20\",\"addon_name\":\"Brand\",\"addon_namespace\":\"UGx1Z2luc1xQYWdlQnVpbGRlclxBZGRvbnNcVGVuYW50c1xBcm9tYXRpY1xDb21tb25cQnJhbmQ=\",\"addon_type\":\"update\",\"addon_location\":\"dynamic_page\",\"addon_order\":\"5\",\"addon_page_id\":\"1\",\"addon_page_type\":\"dynamic_page\",\"item_show\":\"8\",\"item_pagination\":null,\"padding_top\":\"110\",\"padding_bottom\":\"110\"}","addon_namespace":"Plugins\\PageBuilder\\Addons\\Tenants\\Aromatic\\Common\\Brand","created_at":"2023-05-25T05:53:09.000000Z","updated_at":"2023-05-25T06:23:51.000000Z"},{"id":21,"addon_name":"InstagramWidget","addon_type":"update","addon_location":"dynamic_page","addon_order":6,"addon_page_id":1,"addon_page_type":"dynamic_page","addon_settings":"{\"id\":\"21\",\"addon_name\":\"InstagramWidget\",\"addon_namespace\":\"UGx1Z2luc1xQYWdlQnVpbGRlclxBZGRvbnNcVGVuYW50c1xBcm9tYXRpY1xDb21tb25cSW5zdGFncmFtV2lkZ2V0\",\"addon_type\":\"update\",\"addon_location\":\"dynamic_page\",\"addon_order\":\"6\",\"addon_page_id\":\"1\",\"addon_page_type\":\"dynamic_page\",\"title\":\"Follow Us on Instagram\",\"post_items\":null,\"media_redirection\":\"on\",\"padding_top\":\"110\",\"padding_bottom\":\"110\"}","addon_namespace":"Plugins\\PageBuilder\\Addons\\Tenants\\Aromatic\\Common\\InstagramWidget","created_at":"2023-05-25T07:56:40.000000Z","updated_at":"2023-05-25T08:35:21.000000Z"}]