{
    "name": "HotelBooking",
    "alias": "hotelbooking",
    "description": "",
    "keywords": [],
    "priority": 0,
    "providers": [
        "Modules\\HotelBooking\\Providers\\HotelBookingServiceProvider"
    ],
    "aliases": {},
    "files": [],
    "requires": [],
    "nazmartMetaData": {
        "admin_settings": {
            "show_admin_landlord": false,
            "show_admin_tenant": true,
            "menu_item": [
                {
                    "id" : "woocommerce-manage-menu",
                    "label": "WooCommerce",
                    "route": "tenant.admin.woocommerce",
                    "parent": null,
                    "icon": "mdi mdi-wordpress"
                },
                {
                    "id" : "woocommerce-manage-index",
                    "label": "Product List",
                    "route": "tenant.admin.woocommerce",
                    "tenantRoute": "tenant.admin.woocommerce",
                    "parent": "woocommerce-manage-menu"
                },
                {
                    "id" : "woocommerce-manage-settings-import",
                    "label": "Import Settings",
                    "route": "tenant.admin.woocommerce.settings.import",
                    "tenantRoute": "tenant.admin.woocommerce.settings.import",
                    "parent": "woocommerce-manage-menu"
                },
                {
                    "id" : "woocommerce-manage-settings",
                    "label": "Settings",
                    "route": "tenant.admin.woocommerce.settings",
                    "tenantRoute": "tenant.admin.woocommerce.settings",
                    "parent": "woocommerce-manage-menu"
                }
            ]
        }
    }
}
